Game,,,Changed,,,,
Class,Field,SRG,MCP,Notes,,,
nv,j,field_1000_j,editLine,The number of the line that is being edited.,,,
nv,h,field_1002_h,entitySign,Reference to the sign object.,,,
gr,b,field_1003_b,mc,A reference to the Minecraft object.,,,
RedstoneUpdateInfo,*,field_1008_b,y,*,,,
RedstoneUpdateInfo,*,field_1009_a,x,*,,,
RedstoneUpdateInfo,*,field_1010_d,updateTime,*,,,
RedstoneUpdateInfo,*,field_1011_c,z,*,,,
cn,I,field_1016_I,nbtCompoundPlayer,Reference to the player object as NBT compound,,,
cn,H,field_1017_H,chunkProvider,Handles chunk operations and caching,,,
cn,C,field_1022_C,scheduledTickSet,Set of scheduled ticks (used for checking if a tick already exists),,,
cn,B,field_1023_B,scheduledTickTreeSet,TreeSet of scheduled ticks which is used as a priority queue for the ticks,,,
cn,y,field_1026_y,multiplayerWorld,"Set to true if this is a multiplayer world, false otherwise.",,,
cn,v,field_1029_v,sizeOnDisk,Size of the world on the harddisk,,,
cn,u,field_1030_u,randomSeed,Random seed for world generator,,,
,,field_1032_s,worldAccesses,The list of World accesses currently in use.,,,
cn,q,field_1034_q,spawnZ,Spawn point Z coordinate,,,
cn,o,field_1036_o,spawnX,Spawn point X coordinate,,,
cn,n,field_1037_n,rand,RNG for world.,,,
World,*,field_1039_l,difficultySetting,Option > Difficulty setting (0 - 3),,,
cn,k,field_1040_k,playerEntities,Array list of players in the world.,,,
cn,e,field_1046_e,skylightSubtracted,How much light is subtracted from full daylight,,,
cn,d,field_1047_d,snowCovered,Is true if world is a snow world,,,
cn,c,field_1048_c,worldTime,Minecraft time,,,
World,*,field_1049_b,loadedTileEntityList,A list of all TileEntities in all currently-loaded chunks,,,
World,*,field_1050_a,loadedEntityList,A list of all Entities in all currently-loaded chunks,,,
WorldClient,*,field_1052_A,sendQueue,The packets that need to be sent to the server.,,,
World,*,field_1056_C,scheduledTickSet,*,,,
World,*,field_1058_B,scheduledTickTreeSet,*,,,
ci,d,field_1061_d,worldObj,Reference to the World object.,,,
nk,a,field_1063_a,netManager,Reference to the NetworkManager object.,,,
hq,a,field_1065_a,mc,A reference to the Minecraft object.,,,
ni,a,field_1085_a,netManager,Reference to the NetworkManager object.,,,
nh,a,field_1086_a,netManager,Reference to the NetworkManager object.,,,
el,a,field_1087_a,key,The UTF string key used to lookup values.,,,
ls,a,field_1088_a,shortValue,The short value for the tag.,,,
kr,a,field_1089_a,doubleValue,The double value for the tag.,,,
ki,b,field_1090_b,tagType,The type byte for the tags in the list - they must all be of the same type.,,,
ki,a,field_1091_a,tagList,The array list containing the tags encapsulated in this list.,,,
ix,a,field_1092_a,byteValue,The byte value for the tag.,,,
io,a,field_1093_a,intValue,The integer value for the tag.,,,
hm,a,field_1094_a,tagMap,"The key-value pairs for the tag. Each key is a UTF string, each value is a tag.",,,
gn,a,field_1095_a,longValue,The long value for the tag.,,,
dy,a,field_1096_a,byteArray,The byte array stored in the tag.,,,
f,a,field_1097_a,floatValue,The float value for the tag.,,,
ne,a,field_1098_a,stringValue,The string value for the tag (cannot be empty).,,,
nc,b,field_1101_b,hostName,A reference to the Minecraft object.,,,
nc,a,field_1102_a,mc,A reference to the Minecraft object.,,,
nc,d,field_1103_d,connectingGui,A reference to the GuiConnecting object.,,,
nc,c,field_1104_c,port,A reference to the Minecraft object.,,,
mx,b,field_1105_b,valueEntry,The object stored in this entry,,,
mx,a,field_1106_a,hashEntry,The hash code of this entry,,,
mx,d,field_1107_d,slotHash,The id of the hash slot computed from the hash,,,
mx,c,field_1108_c,nextEntry,The next entry in this slot,,,
mu,a,field_1109_a,data,Byte array of data stored in this holder. Possibly a light map or some chunk data. Data is accessed in 4-bit pieces.,,,
ChunkPosition,*,field_1110_b,y,The y coordinate of this ChunkPosition,,,
ChunkPosition,*,field_1111_a,x,The x coordinate of this ChunkPosition,,,
ChunkPosition,*,field_1112_c,z,The z coordinate of this ChunkPosition,,,
dk,b,field_1118_b,inventory,The inventory we want to extract a slot from.,,,
dk,a,field_1119_a,slotIndex,The index of the slot in the inventory.,,,
mm,f,field_1120_f,yPos,Upper border of the slot in pixel from the upper border of the window.,,,
mm,e,field_1121_e,xPos,Left border of the slot in pixel from the left border of the window.,,,
mm,c,field_1122_c,guiHandler,Instance of ee used to handle all gui interactions.,,,
an,c,field_1125_c,craftMatrix,The craft matrix inventory linked to this result slot.,,,
TextureWaterFX,*,field_1154_k,tickCounter,*,,,
mk,b,field_1159_b,worldObj,Reference to the World object.,,,
mf,b,field_1166_b,blockX,x coordinate of the block ray traced against,,,
mf,a,field_1167_a,typeOfHit,"What type of ray trace hit was this? 0 = block, 1 = entity",,,
mf,g,field_1168_g,entityHit,The hit entity,,,
mf,f,field_1169_f,hitVec,The vector position of the hit,,,
mf,e,field_1170_e,sideHit,Which side was hit. If its -1 then it went the full length of the ray trace.,,,
mf,d,field_1171_d,blockZ,z coordinate of the block ray traced against,,,
mf,c,field_1172_c,blockY,y coordinate of the block ray traced against,,,
v,b,field_1187_b,yCoord,,,,
v,a,field_1188_a,xCoord,,,,
v,d,field_1189_d,permutations,,,,
v,c,field_1190_c,zCoord,,,,
NoiseGeneratorOctaves,*,field_1192_a,generatorCollection,Collection of noise generation functions.  Output is combined to produce different octaves of noise.,,,
ChunkLoader,*,field_1199_b,createIfNecessary,"If true, ChunkLoader will create the needed directories and file for a chunk. (true for WorldProvider, WorldProviderHell; false for WorldProviderIso)",,,
ChunkLoader,*,field_1200_a,saveDir,The root directory from where the chunks are saved (this will be the World1-5 dirs),,,
gy,b,field_1208_b,rand,RNG.,,,
NetClientHandler,*,field_1211_f,worldClient,*,,,
gy,e,field_1212_e,mc,Reference to the Minecraft object.,,,
gy,d,field_1213_d,netManager,Reference to the NetworkManager object.,,,
gy,c,field_1214_c,disconnected,True if kicked or disconnected from the server.,,,
kz,b,field_1215_b,buffer,The image buffer to use.,,,
kz,a,field_1216_a,location,The URL of the image to download.,,,
kz,c,field_1217_c,imageData,The image data.,,,
kx,k,field_1223_k,options,Reference to the GameSettings object.,,,
kx,g,field_1227_g,worldObj,Reference to the World object.,,,
RenderManager,,field_1229_e,renderEngine,,,,
RenderManager,*,field_1233_a,instance,The static instance of RenderManager.,,,
ModelQuadraped,*,field_1261_i,leg4,*,,,
ModelQuadraped,*,field_1262_h,leg3,*,,,
ModelQuadraped,*,field_1263_g,leg2,*,,,
ModelQuadraped,*,field_1264_f,leg1,*,,,
ModelQuadraped,*,field_1265_e,body,*,,,
ModelQuadraped,*,field_1266_d,head,*,,,
ModelCow,*,field_1267_b,horn1,*,,,
ModelCow,*,field_1268_a,udders,*,,,
ModelCow,*,field_1269_c,horn2,*,,,
ModelCreeper,*,field_1270_b,unusedModel,*,,,
ModelCreeper,*,field_1271_a,head,*,,,
ModelCreeper,*,field_1272_g,leg4,*,,,
ModelCreeper,*,field_1273_f,leg3,*,,,
ModelCreeper,*,field_1274_e,leg2,*,,,
ModelCreeper,*,field_1275_d,leg1,*,,,
ModelCreeper,*,field_1276_c,body,*,,,
ModelBiped,*,field_1280_g,bipedLeftLeg,*,,,
ModelBiped,*,field_1281_f,bipedRightLeg,*,,,
ModelBiped,*,field_1282_e,bipedLeftArm,*,,,
ModelBiped,*,field_1283_d,bipedRightArm,*,,,
ModelBiped,*,field_1286_a,bipedHead,*,,,
ko,b,field_1296_b,updateCounter,Counts the number of screen updates.,,,
ko,a,field_1297_a,message,The chat message.,,,
FontRenderer,*,field_1307_b,charWidth,Array of width of all the characters in default.png,,,
kd,d,field_1309_d,buffer,,,,
kc,d,field_1313_d,mainMenu,A reference to the GuiMainMenu.,,,
gb,v,field_1316_v,clay,,,,
gb,u,field_1317_u,cactus,,,,
gb,t,field_1318_t,builtSnow,,,,
gb,s,field_1319_s,snow,,,,
gb,r,field_1320_r,ice,,,,
gb,p,field_1322_p,tnt,,,,
gb,n,field_1324_n,circuits,,,,
gb,m,field_1325_m,sand,,,,
gb,l,field_1326_l,fire,,,,
gb,j,field_1328_j,sponge,,,,
gb,i,field_1329_i,plants,,,,
gb,g,field_1331_g,lava,,,,
gb,f,field_1332_f,water,,,,
gb,e,field_1333_e,iron,,,,
gb,d,field_1334_d,rock,,,,
gb,c,field_1335_c,wood,,,,
gb,b,field_1336_b,ground,,,,
gb,a,field_1337_a,air,,,,
ImageBufferDownload,*,field_1342_b,imageWidth,*,,,
ImageBufferDownload,*,field_1343_a,imageData,*,,,
ImageBufferDownload,*,field_1344_c,imageHeight,*,,,
jj,b,field_1347_b,worldObj,Reference to the World object.,,,
jh,a,field_1356_a,mc,A reference to the Minecraft object.,,,
jf,b,field_1360_b,yCoord,Y position this tick is occuring at,,,
jf,a,field_1361_a,xCoord,X position this tick is occuring at,,,
jf,g,field_1362_g,tickEntryID,The id of the tick entry,,,
jf,f,field_1363_f,nextTickEntryID,The id number for the next tick entry,,,
jf,e,field_1364_e,scheduledTime,Time this tick is scheduled to occur at,,,
jf,d,field_1365_d,blockID,blockID of the scheduled tick (ensures when the tick occurs its still for this block),,,
jf,c,field_1366_c,zCoord,Z position this tick is occuring at,,,
iy,b,field_1367_b,scaledWidth,,,,
iy,a,field_1368_a,scaleFactor,,,,
iy,c,field_1369_c,scaledHeight,,,,
it,b,field_1370_b,keyCode,,,,
it,a,field_1371_a,keyDescription,,,,
Timer,*,field_1372_i,timeSyncAdjustment,"A ratio used to sync the high-resolution clock to the system clock, updated once per second",,,
Timer,*,field_1373_h,lastSyncHRClock,"The time reported by the high-resolution clock at the last sync, in milliseconds",,,
Timer,*,field_1374_g,lastSyncSysClock,"The time reported by the system clock at the last sync, in milliseconds",,,
Timer,*,field_1375_f,lastHRTime,"The time reported by the high-resolution clock at the last call of updateTimer(), in seconds",,,
Timer,*,field_1376_e,elapsedPartialTicks,"How much time has elapsed since the last tick, in ticks (range: 0.0 - 1.0).",,,
Timer,*,field_1377_d,timerSpeed,A multiplier to make the timer (and therefore the game) go faster or slower.  0.5 makes the game run at half-speed.,,,
Timer,*,field_1378_c,renderPartialTicks,"How much time has elapsed since the last tick, in ticks, for use by display rendering routines (range: 0.0 - 1.0).  This field is frozen if the display is paused to eliminate jitter.",,,
Timer,*,field_1379_b,elapsedTicks,"How many full ticks have turned over since the last call to updateTimer(), capped at 10.",,,
Timer,*,field_1380_a,ticksPerSecond,The number of timer ticks per second of real time,,,
iq,h,field_1388_h,mc,A reference to the Minecraft object.,,,
ModelRenderer,*,field_1396_o,displayList,The GL display list rendered by the Tessellator for this model,,,
ModelRenderer,*,field_1397_n,compiled,*,,,
ModelRenderer,*,field_1398_m,textureOffsetY,The Y offset into the texture used for displaying this model,,,
ModelRenderer,*,field_1399_l,textureOffsetX,The X offset into the texture used for displaying this model,,,
ip,k,field_1400_k,faces,An array containing the 6 faces of the cube.,,,
ip,j,field_1401_j,corners,An array containing the 8 corners of the cube.,,,
ModelRenderer,*,field_1404_g,mirror,*,,,
ModelRenderer,*,field_1405_f,rotateAngleZ,*,,,
ModelRenderer,*,field_1406_e,rotateAngleY,*,,,
ModelRenderer,*,field_1407_d,rotateAngleX,*,,,
ModelRenderer,*,field_1408_c,offsetZ,*,,,
ModelRenderer,*,field_1409_b,offsetY,*,,,
ModelRenderer,*,field_1410_a,offsetX,*,,,
TileEntitySignRenderer,*,field_1413_b,signModel,The SignModel instance used by the TileEntitySignRenderer,,,
e,t,field_1439_t,mc,A reference to the Minecraft object.,,,
RenderGlobal,*,field_1447_l,renderEngine,The RenderEngine instance used by RenderGlobal,,,
e,k,field_1448_k,worldObj,A reference to the World object.,,,
ii,t,field_1459_t,chunkDataSendCounter,Counter used to prevent us from sending too many chunk data packets one after another. The delay appears to be set to 50.,,,
ii,s,field_1460_s,sendQueueByteLength,The length in bytes of the packets in both send queues (data and chunkData).,,,
ii,r,field_1461_r,timeSinceLastRead,Counter used to detect read timeouts after 1200 failed attempts to read a packet.,,,
ii,q,field_1462_q,terminationReason,A String indicating why the network has shutdown.,,,
ii,p,field_1463_p,isTerminating,Whether this network manager is currently terminating (and should ignore further errors).,,,
ii,o,field_1464_o,readThread,The thread used for reading.,,,
ii,n,field_1465_n,writeThread,The thread used for writing.,,,
ii,m,field_1466_m,isServerTerminating,"Whether this server is currently terminating. If this is a client, this is always false.",,,
ii,l,field_1467_l,netHandler,A reference to the NetHandler object.,,,
ii,k,field_1468_k,chunkDataPackets,Linked list of packets with chunk data that are awaiting sending.,,,
ii,j,field_1469_j,dataPackets,Linked list of packets awaiting sending.,,,
ii,i,field_1470_i,readPackets,Linked list of packets that have been read and are awaiting processing.,,,
ii,h,field_1471_h,isRunning,Whether the network is currently operational.,,,
ii,g,field_1472_g,socketOutputStream,The output stream connected to the socket.,,,
ii,f,field_1473_f,socketInputStream,The input stream connected to the socket.,,,
ii,e,field_1474_e,networkSocket,The socket used by this network manager.,,,
ii,d,field_1475_d,sendQueueLock,The object used for synchronization on the send queue.,,,
ii,c,field_1476_c,numWriteThreads,The number of write threads spawned. Not really used on client side.,,,
ii,b,field_1477_b,numReadThreads,The number of read threads spawned. Not really used on client side.,,,
ii,a,field_1478_a,threadSyncObject,Synchronization object used for read and write threads.,,,
ih,b,field_1479_b,solaris,,,,
ih,a,field_1480_a,linux,,,,
ih,d,field_1483_d,macos,,,,
ih,c,field_1484_c,windows,,,,
,,field_1485_z,vboIndex,"The index of the last VBO used. This is used in round-robin fashion, sequentially, through the vboCount vertex buffers.",,,
,,field_1486_y,vertexBuffers,An IntBuffer used to store the indices of vertex buffer objects.,,,
,,field_1487_x,useVBO,Whether we are currently using VBO or not.,,,
,,field_1488_w,isDrawing,Whether this tessellator is currently in draw mode.,,,
,,field_1489_v,normal,The normal to be applied to the face being drawn.,,,
net/minecraft/client/Minecraft,J,field_149_J,enableRain,"If true it will be raining in the world (kind of, effect is not finished)",,,
,,field_1490_u,zOffset,An offset to be applied along the z-axis for all vertices in this draw call.,,,
,,field_1491_t,yOffset,An offset to be applied along the y-axis for all vertices in this draw call.,,,
,,field_1492_s,xOffset,An offset to be applied along the x-axis for all vertices in this draw call.,,,
,,field_1493_r,drawMode,The draw mode currently being used by the tessellator.,,,
,,field_1494_B,bufferSize,The size of the buffers used (in integers).,,,
,,field_1495_q,isColorDisabled,Disables all color information for the following draw call.,,,
,,field_1496_A,vboCount,Number of vertex buffer objects allocated for use.,,,
,,field_1497_p,addedVertices,The number of vertices manually added to the given draw call. This differs from vertexCount because it adds extra vertices when converting quads to triangles.,,,
,,field_1498_o,rawBufferIndex,The index into the raw buffer to be used for the next data.,,,
,,field_1499_n,hasNormals,Whether the current draw object for this tessellator has normal values.,,,
,,field_1500_m,hasTexture,Whether the current draw object for this tessellator has texture coordinates.,,,
,,field_1501_l,hasColor,Whether the current draw object for this tessellator has color values.,,,
,,field_1502_k,color,The color (RGBA) value to be used for the following draw call.,,,
,,field_1503_j,textureV,The second coordinate to be used for the texture.,,,
,,field_1504_i,textureU,The first coordinate to be used for the texture.,,,
,,field_1505_h,vertexCount,The number of vertices to be drawn in the next draw call. Reset to 0 between draw calls.,,,
,,field_1506_g,rawBuffer,Raw integer array.,,,
,,field_1507_f,floatBuffer,"The same memory as byteBuffer, but referenced as an float buffer.",,,
,,field_1508_e,intBuffer,"The same memory as byteBuffer, but referenced as an integer buffer.",,,
,,field_1509_d,byteBuffer,The byte buffer used for GL allocation.,,,
,,field_1510_c,tryVBO,Boolean used to check if we should use vertex buffers. Initialized to false and never changed.,,,
,,field_1511_b,convertQuadsToTriangles,Boolean used to check whether quads should be drawn as four triangles. Initialized to true and never changed.,,,
,,field_1512_a,instance,The static instance of the Tessellator.,,,
hk,b,field_1513_b,codec,,,,
hk,a,field_1514_a,buffer,,,,
hk,d,field_1515_d,inputStream,,,,
hk,c,field_1516_c,hash,,,,
Chunk,*,field_1522_s,lastSaveTime,The time according to World.worldTime when this chunk was last saved,,,
Chunk,*,field_1523_r,hasEntities,Whether this Chunk has any Entities and thus requires saving on every tick,,,
Chunk,*,field_1525_p,neverSave,Set to true if this Chunk should never be saved (e.g. in multiplayer),,,
ga,o,field_1526_o,isModified,Set to true if the chunk has been modified and needs to be updated internally.,,,
ga,n,field_1527_n,isTerrainPopulated,Boolean value indicating if the terrain is populated.,,,
ga,m,field_1528_m,entities,List of lists of the entities in the chunk. It is 8 lists partitioned along the Y axis.,,,
Chunk,*,field_1529_l,chunkTileEntityMap,A Map of ChunkPositions to TileEntities in this chunk,,,
ga,k,field_1530_k,zPosition,The z coordinate of the chunk.,,,
ga,j,field_1531_j,xPosition,The x coordinate of the chunk.,,,
ga,h,field_1533_h,heightMap,Byte array containing height map for the chunk.,,,
ga,g,field_1534_g,blocklightMap,Light map for blocks. See class le (client) or eo (server).,,,
ga,f,field_1535_f,skylightMap,Light map for sky. See class le (client) or eo (server).,,,
ga,e,field_1536_e,data,Chunk data,,,
ga,d,field_1537_d,worldObj,Reference to the World object.,,,
Chunk,*,field_1538_c,isChunkLoaded,Whether or not this Chunk is currently loaded into the World,,,
ga,b,field_1539_b,blocks,Byte array of blocks for the chunk.,,,
TileEntityRenderer,*,field_1541_n,fontRenderer,The FontRenderer instance used by the TileEntityRenderer,,,
TileEntityRenderer,*,field_1543_l,playerZ,The player's Z position in this rendering context,,,
TileEntityRenderer,*,field_1544_k,playerY,The player's Y position in this rendering context,,,
TileEntityRenderer,*,field_1545_j,playerX,The player's X position in this rendering context,,,
TileEntityRenderer,*,field_1546_i,playerPitch,The player's pitch in this rendering context,,,
TileEntityRenderer,*,field_1547_h,playerYaw,The player's yaw in this rendering context,,,
TileEntityRenderer,*,field_1548_g,entityPlayer,A reference to the EntityPlayer viewing this TileEntity,,,
fz,f,field_1549_f,worldObj,Reference to the World object.,,,
TileEntityRenderer,*,field_1550_e,renderEngine,The RenderEngine instance used by the TileEntityRenderer,,,
TileEntityRenderer,*,field_1551_d,staticPlayerZ,The player's current Z position (same as playerZ),,,
TileEntityRenderer,*,field_1552_c,staticPlayerY,The player's current Y position (same as playerY),,,
TileEntityRenderer,*,field_1553_b,staticPlayerX,The player's current X position (same as playerX),,,
TileEntityRenderer,*,field_1554_a,instance,The static instance of TileEntityRenderer,,,
fx,b,field_1555_b,count,The number of points in this path,,,
fx,a,field_1556_a,pathPoints,Contains the points in this path,,,
fr,z,field_1558_z,DIFFICULTY_LEVELS,Constant containing an array of the possible difficulty levels.,,,
fr,y,field_1559_y,RENDER_DISTANCES,Constant containing an array of the possible view distances.,,,
fr,x,field_1560_x,thirdPersonView,,,,
fr,w,field_1561_w,difficulty,,,,
fr,v,field_1562_v,numberOfOptions,I believe this is used to correctly line up the buttons in the menu.,,,
fr,u,field_1563_u,mc,,,,
fr,t,field_1564_t,keyBindings,,,,
fr,s,field_1565_s,keyBindSneak,,,,
fr,o,field_1570_o,keyBindInventory,,,,
fr,n,field_1571_n,keyBindJump,,,,
fr,m,field_1572_m,keyBindRight,,,,
fr,l,field_1573_l,keyBindBack,,,,
fr,k,field_1574_k,keyBindLeft,,,,
fr,j,field_1575_j,keyBindForward,,,,
fr,i,field_1576_i,fancyGraphics,,,,
fr,h,field_1577_h,limitFramerate,,,,
fr,g,field_1578_g,anaglyph,,,,
fr,f,field_1579_f,viewBobbing,,,,
fr,e,field_1580_e,renderDistance,,,,
fr,d,field_1581_d,invertMouse,,,,
fr,c,field_1582_c,mouseSensitivity,,,,
fr,b,field_1583_b,soundVolume,,,,
fr,a,field_1584_a,musicVolume,,,,
fp,b,field_1586_b,mcThread,A reference to the Minecraft main thread.,,,
fp,a,field_1587_a,mc,A reference to the Minecraft object.,,,
fl,a,field_1588_a,mc,A reference to the Minecraft object.,,,
fi,b,field_1589_b,count,The number of items stored in this map,,,
fi,a,field_1590_a,slots,An array of HashEntries representing the heads of hash slot lists,,,
fi,e,field_1591_e,versionStamp, A serial stamp used to mark changes,,,
fi,d,field_1592_d,growFactor, The scale factor used to determine when to grow the table,,,
fi,c,field_1593_c,threshold,The grow threshold ,,,
fa,b,field_1595_b,solaris,Used in ad to determine OS,,,
fa,a,field_1596_a,linux,Used in ad to determine OS,,,
fa,e,field_1598_e,unknown,Used in ad to determine OS,,,
fa,d,field_1599_d,macos,Used in ad to determine OS,,,
fa,c,field_1600_c,windows,Used in ad to determine OS,,,
RenderEngine,*,field_1602_h,options,Reference to the GameSettings object,,,
RenderEngine,*,field_1603_g,urlToImageDataMap,A mapping from image URLs to ThreadDownloadImageData instances,,,
ey,e,field_1605_e,imageData,Stores the image data for the texture.,,,
RenderEngine,*,field_1606_d,singleIntBuffer,An IntBuffer storing 1 int used as scratch space in RenderEngine,,,
RenderEngine,*,field_1607_c,textureNameToImageMap,A mapping from GL texture names (integers) to BufferedImage instances,,,
RenderEngine,*,field_1609_a,useMipmaps,Use mipmaps for all bound textures (unused at present),,,
EntityList,*,field_1610_b,classToStringMapping,Provides a mapping between a string and an entity classes,,,
EntityList,*,field_1611_a,stringToClassMapping,Provides a mapping between entity classes and a string,,,
EntityList,*,field_1612_d,classToIDMapping,provides a mapping between en Entity Class and an entity ID,,,
EntityList,*,field_1613_c,IDtoClassMapping,provides a mapping between an entityID and an Entity Class,,,
ev,b,field_1614_b,animationsToGo,"Number of animation frames to go when receiving an item (by walking into it, for example).",,,
ev,a,field_1615_a,stackSize,Size of the stack.,,,
ev,d,field_1616_d,itemDamage,Damage dealt to the item or number of use. Raise when using items.,,,
ev,c,field_1617_c,itemID,ID of the item.,,,
ar,c,field_1618_c,unusedList,Currently unused in the code.,,,
n,b,field_1619_b,craftResult,The crafting result.,,,
n,a,field_1620_a,craftMatrix,The crafting matrix inventory.,,,
et,b,field_1621_b,craftResult,"The crafting result, size 1.",,,
et,a,field_1622_a,craftMatrix,The crafting matrix inventory (3x3).,,,
er,x,field_1625_x,DonkeyKong,Art enums (first letter capitalized here),,,
er,w,field_1626_w,Skeleton,Art enums (first letter capitalized here),,,
er,v,field_1627_v,PigScene,Art enums (first letter capitalized here),,,
er,u,field_1628_u,Pointer,Art enums (first letter capitalized here),,,
er,t,field_1629_t,Fighters,Art enums (first letter capitalized here),,,
er,s,field_1631_s,SkullAndRoses,Art enums (first letter capitalized here),,,
er,r,field_1633_r,Void,Art enums (first letter capitalized here),,,
er,q,field_1635_q,Stage,Art enums (first letter capitalized here),,,
er,p,field_1637_p,Bust,Art enums (first letter capitalized here),,,
er,o,field_1638_o,Match,Art enums (first letter capitalized here),,,
er,n,field_1639_n,Graham,Art enums (first letter capitalized here),,,
er,m,field_1640_m,Wanderer,Art enums (first letter capitalized here),,,
er,l,field_1641_l,Creebet,Art enums (first letter capitalized here),,,
er,k,field_1642_k,Sunset,Art enums (first letter capitalized here),,,
er,j,field_1643_j,Sea,Art enums (first letter capitalized here),,,
er,i,field_1644_i,Courbet,Art enums (first letter capitalized here),,,
er,h,field_1645_h,Pool,Art enums (first letter capitalized here),,,
er,g,field_1646_g,Wasteland,Art enums (first letter capitalized here),,,
er,f,field_1647_f,Plant,Art enums (first letter capitalized here),,,
er,e,field_1648_e,Bomb,Art enums (first letter capitalized here),,,
er,d,field_1649_d,Aztec2,Art enums (first letter capitalized here),,,
er,c,field_1650_c,Alban,Art enums (first letter capitalized here),,,
er,b,field_1651_b,Aztec,Art enums (first letter capitalized here),,,
er,a,field_1652_a,Kebab,Art enums (first letter capitalized here),,,
MathHelper,*,field_1653_a,SIN_TABLE,"A table of sin values computed from 0 (inclusive) to 2*pi (exclusive), with steps of 2*PI / 65536.",,,
PositionTexureVertex,*,field_1654_b,texturePositionX,*,,,
PositionTexureVertex,*,field_1655_a,vector3D,*,,,
PositionTexureVertex,*,field_1656_c,texturePositionY,*,,,
SoundPool,*,field_1658_a,numberOfSoundPoolEntries,The number of soundPoolEntry's. This value is computed but never used (should be equal to allSoundPoolEntries.size()).,,,
SoundPool,*,field_1659_e,allSoundPoolEntries,A list of all SoundPoolEntries that have been loaded.,,,
SoundPool,*,field_1660_d,nameToSoundPoolEntriesMapping,Maps a name (can be sound/newsound/streaming/music/newmusic) to a list of SoundPoolEntry's.,,,
SoundPool,*,field_1661_c,rand,The RNG used by SoundPool.,,,
dw,b,field_1662_b,recipes,A list of all the recipes added,,,
Session,*,field_1666_b,inventory,*,,,
Session,*,field_1667_a,registeredBlocksList,*,,,
df,b,field_1670_b,textureNames,An ArrayList that stores all the generated texture names.,,,
df,a,field_1671_a,displayLists,An ArrayList that stores the first index and the length of each display list.,,,
db,a,field_1672_a,logo,BufferedImage object containing the Majong logo.,,,
cz,b,field_1673_b,path,The path being generated,,,
cz,a,field_1674_a,worldMap,Used to find obstacles ,,,
cz,d,field_1675_d,pathOptions,Selection of path points to add to the path,,,
cz,c,field_1676_c,pointMap,The points in the path,,,
az,b,field_1682_b,spawnBaseClass,Base class of spawn types,,,
az,a,field_1683_a,maxSpawns,Maximum number of animals/mobs spawned,,,
az,d,field_1684_d,nearbyChunkSet,Set of chunk coordinate integer pairs near to players in which creatures will spawn.,,,
az,c,field_1685_c,spawnSubclasses,Array of possible subclass spawn types,,,
k,a,field_1686_a,unused,Not used in the current implementation,,,
net/minecraft/client/Minecraft,p,field_169_p,currentScreen,Reference to the current screen being displayed.,,,
h,a,field_1696_a,mcApplet,Reference to the MinecraftApplet object.,,,
cf,b,field_1697_b,minY,,,,
cf,a,field_1698_a,minX,,,,
cf,h,field_1699_h,numBoundingBoxesInUse,Tracks how many bounding boxes are being used,,,
cf,g,field_1700_g,boundingBoxes,List of bounding boxes (not all necessarily being actively used),,,
cf,f,field_1701_f,maxZ,,,,
cf,e,field_1702_e,maxY,,,,
cf,d,field_1703_d,maxX,,,,
cf,c,field_1704_c,minZ,,,,
ThreadDownloadImageData,*,field_1705_b,referenceCount,Number of open references to this ThreadDownloadImageData,,,
cc,a,field_1706_a,image,The image data.,,,
ThreadDownloadImageData,*,field_1707_d,textureSetupComplete,"True if the texture has been allocated and the image copied to the texture.  This is reset if global rendering settings change, so that setupTexture will be called again.",,,
ThreadDownloadImageData,*,field_1708_c,textureName,"The GL texture name associated with this image, or -1 if the texture has not been allocated",,,
a,j,field_1709_j,isFirst,Indicates this is the origin,,,
a,i,field_1710_i,previous,The point preceding this in its assigned path,,,
a,h,field_1711_h,distanceToTarget,The distance to the target,,,
a,g,field_1712_g,distanceToNext,The linear distance to the next point,,,
a,f,field_1713_f,totalPathDistance,The distance along the path to this point,,,
a,e,field_1714_e,index,The index of this point in its assigned path,,,
a,d,field_1715_d,hash,A hash of the coordinates used to identify this point,,,
a,c,field_1716_c,zCoord,The z coordinate of this point,,,
a,b,field_1717_b,yCoord,The y coordinate of this point,,,
a,a,field_1718_a,xCoord,The x coordinate of this point,,,
by,b,field_1719_b,Block,,,,
by,a,field_1720_a,Sky,,,,
bv,b,field_1723_b,width,Width in number of items,,,
bv,a,field_1724_a,resultId,Item id of the recipe result,,,
bv,e,field_1725_e,resultStack,The resulting stack this recipe produces,,,
bv,d,field_1726_d,ingredientMap,Map of ingredient ids,,,
bv,c,field_1727_c,height,Height in number of items,,,
bq,a,field_1729_a,worldObj,Reference to the World object.,,,
bq,d,field_1730_d,rand,RNG.,,,
bn,u,field_1738_u,needsUpdate,Boolean for whether this renderer needs to be updated or not,,,
bn,a,field_1763_a,worldObj,Reference to the World object.,,,
bl,b,field_1764_b,points, The actual points in the path,,,
bl,a,field_1765_a,pathLength,The total length of the path,,,
bl,c,field_1766_c,pathIndex,The index of the current point in the path,,,
bf,b,field_1767_b,mc,A reference to the Minecraft object.,,,
bf,a,field_1768_a,resourcesFolder,The folder to store the resources in.,,,
bf,c,field_1769_c,closing,Set to true when Minecraft is closing down.,,,
be,a,field_1770_a,tryCheckOcclusionCapable,Whether or not we should try to check occlusion - defaults to false and is never changed in 1.2.2.,,,
RenderBlocks,*,field_1771_b,overrideBlockTexture,"If set to >=0, all block faces will be rendered using this texture index",,,
RenderBlocks,*,field_1772_a,blockAccess,The IBlockAccess used by this instance of RenderBlocks,,,
RenderBlocks,*,field_1773_d,renderAllFaces,"If true, renders all faces on all blocks rather than using the logic in Block.shouldSideBeRendered.  Unused.",,,
RenderBlocks,*,field_1774_c,flipTexture,Set to true if the texture should be flipped horizontally during render*Face,,,
aj,b,field_1775_b,yCoord,Y coordinate of Vec3D,,,
aj,a,field_1776_a,xCoord,X coordinate of Vec3D,,,
aj,e,field_1777_e,nextVector,"Next empty index in the vectorList. We don't ever seem to remove vectors from the list, however.",,,
aj,d,field_1778_d,vectorList,ArrayList of all created vectors,,,
aj,c,field_1779_c,zCoord,Z coordinate of Vec3D,,,
ah,b,field_1780_b,soundUrl,,,,
ah,a,field_1781_a,soundName,,,,
ad,e,field_1789_e,dataFolder,The data folder.,,,
ad,d,field_1790_d,worldObj,Reference to the World object.,,,
net/minecraft/client/Minecraft,a,field_184_a,fullscreenMode,"Set to true if fullscreen mode is active, false otherwise.",,,
fm,a,field_185_a,mainFrame,Reference to the main frame.,,,
g,a,field_186_a,mainFrame,"Reference to the main frame, in this case, the applet window itself.",,,
ChunkCoordIntPair,*,field_188_b,chunkZPos,The Z position of this Chunk Coordinate Pair,,,
ChunkCoordIntPair,*,field_189_a,chunkXPos,The X position of this Chunk Coordinate Pair,,,
Render,,field_191_a,renderManager,,,,
Render,,field_192_e,unusedRenderBlocks,,,,
Render,,field_193_d,unusedModelBiped,,,,
Render,*,field_195_d,unusedModelBiped,*,,,
bw,d,field_199_d,rand,RNG.,,,
RenderItem,,field_200_e,random,The RNG used in RenderItem (for bobbing itemstacks on the ground),,,
RenderItem,,field_201_d,renderBlocks,,,,
Render,*,field_203_d,unusedRenderBlocks,*,,,
RenderPlayer,*,field_206_i,armorFilenamePrefix,*,,,
di,z,field_210_z,pickaxeDiamond,,,,
di,x,field_212_x,swordDiamond,,,,
di,w,field_213_w,axeStone,,,,
di,v,field_214_v,pickaxeStone,,,,
di,u,field_215_u,shovelStone,,,,
di,t,field_216_t,swordStone,,,,
di,s,field_217_s,axeWood,,,,
di,r,field_218_r,pickaxeWood,,,,
di,q,field_219_q,shovelWood,,,,
di,p,field_220_p,swordWood,,,,
di,o,field_221_o,swordSteel,,,,
di,n,field_222_n,ingotGold,,,,
di,m,field_223_m,ingotIron,,,,
di,l,field_224_l,diamond,,,,
di,k,field_225_k,coal,,,,
di,j,field_226_j,arrow,,,,
di,i,field_227_i,bow,,,,
di,h,field_228_h,appleRed,,,,
di,f,field_230_f,axeSteel,,,,
di,e,field_231_e,pickaxeSteel,,,,
di,d,field_232_d,shovelSteel,,,,
di,c,field_233_c,itemsList,A 32000 elements Item array.,,,
di,b,field_234_b,rand,Random,,,
di,Z,field_235_Z,legsChain,,,,
di,Y,field_236_Y,plateChain,,,,
di,X,field_237_X,helmetChain,,,,
di,W,field_238_W,bootsLeather,,,,
di,V,field_239_V,legsLeather,,,,
di,U,field_240_U,plateLeather,,,,
di,T,field_241_T,helmetLeather,,,,
di,S,field_242_S,bread,,,,
di,R,field_243_R,wheat,,,,
di,Q,field_244_Q,seeds,,,,
di,P,field_245_P,hoeGold,,,,
di,O,field_246_O,hoeDiamond,,,,
di,N,field_247_N,hoeSteel,,,,
di,M,field_248_M,hoeStone,,,,
di,L,field_249_L,hoeWood,,,,
di,K,field_250_K,gunpowder,,,,
di,J,field_251_J,feather,,,,
di,az,field_252_az,doorSteel,,,,
di,I,field_253_I,silk,,,,
di,ay,field_254_ay,saddle,,,,
di,H,field_255_H,axeGold,,,,
di,ax,field_256_ax,minecartEmpty,,,,
di,G,field_257_G,pickaxeGold,,,,
di,aw,field_258_aw,bucketLava,,,,
di,F,field_259_F,shovelGold,,,,
di,E,field_261_E,swordGold,,,,
di,au,field_262_au,bucketEmpty,,,,
di,D,field_263_D,bowlSoup,,,,
di,C,field_264_C,bowlEmpty,,,,
di,at,field_265_at,doorWood,,,,
di,B,field_266_B,stick,,,,
di,as,field_267_as,sign,,,,
di,A,field_268_A,axeDiamond,,,,
di,ar,field_269_ar,appleGold,,,,
di,aq,field_270_aq,painting,,,,
di,ao,field_272_ao,porkRaw,,,,
di,an,field_273_an,flint,,,,
di,am,field_274_am,bootsGold,,,,
di,al,field_275_al,legsGold,,,,
di,ak,field_276_ak,plateGold,,,,
di,aj,field_277_aj,helmetGold,,,,
di,ai,field_278_ai,bootsDiamond,,,,
di,ah,field_279_ah,legsDiamond,,,,
di,ag,field_280_ag,plateDiamond,,,,
di,af,field_281_af,helmetDiamond,,,,
di,ae,field_282_ae,bootsSteel,,,,
di,ad,field_283_ad,legsSteel,,,,
di,ac,field_284_ac,plateSteel,,,,
di,ab,field_285_ab,helmetSteel,,,,
di,aa,field_286_aa,bootsChain,,,,
di,aW,field_287_aW,bFull3D,"If true, render the object in full 3D, like weapons and tools.",,,
di,aU,field_289_aU,maxDamage,Maximum damage an item can handle.,,,
di,aT,field_290_aT,maxStackSize,Maximum size of the stack.,,,
Item,*,field_291_aS,shiftedIndex,Item index + 256,,,
di,aQ,field_293_aQ,record13,,,,
di,aN,field_296_aN,egg,,,,
di,aK,field_299_aK,slimeBall,,,,
di,aH,field_302_aH,reed,,,,
di,aG,field_303_aG,clay,,,,
di,aE,field_305_aE,bucketMilk,,,,
di,aD,field_306_aD,leather,,,,
di,aB,field_308_aB,snowball,,,,
di,aA,field_309_aA,redstone,,,,
ItemArmor,*,field_310_a,armorLevel,"Stores the armor level: 0 is leather, 1 is chain or gold, 2 is steel and 3 is diamond.",,,
ItemArmor,*,field_311_aZ,renderIndex,"Used on RenderPlayer to select the correspondent armor to be rendered on the player: 0 is cloth, 1 is chain, 2 is iron, 3 is diamond and 4 is gold.",,,
ItemArmor,*,field_312_aY,damageReduceAmmount,Holds the ammount of damage that the armor reduce at full durability.,,,
ItemArmor,*,field_313_aX,armorType,"Stores the armor type: 0 is helmet, 1 is plate, 2 is legs and 3 is boots",,,
ItemArmor,*,field_314_bb,maxDamageArray,Holds the 'base' maxDamage that each armorType have.,,,
ItemArmor,*,field_315_ba,damageReduceAmmountArray,Holds the ammount of damage that the each armorType have.,,,
lg,a,field_316_a,recordName,The name of the record.,,,
ItemSword,*,field_319_a,weaponDamage,*,,,
ItemTool,*,field_322_a,ingredientQuality,*,,,
ItemTool,*,field_323_aZ,damageVsEntity,*,,,
ItemTool,*,field_324_aY,efficiencyOnProperMaterial,*,,,
ItemTool,*,field_325_aX,blocksEffectiveAgainst,Array of blocks the tool has extra effect against.,,,
ItemSpade,*,field_326_aX,blocksEffectiveAgainst,*,,,
ItemAxe,*,field_327_aX,blocksEffectiveAgainst,*,,,
ItemPickaxe,*,field_329_aX,blocksEffectiveAgainst,*,,,
ItemBlock,*,field_330_a,blockID,The block ID of the Block associated with this ItemBlock,,,
ItemBucket,*,field_331_a,isFull,field for checking if the bucket has been filled.,,,
oj,a,field_332_a,healAmount,The amount this food item heals the player.,,,
ly,z,field_333_z,sapling,,,,
ly,y,field_334_y,planks,,,,
ly,x,field_335_x,cobblestone,,,,
ly,w,field_336_w,dirt,,,,
ly,v,field_337_v,grass,,,,
ly,u,field_338_u,stone,,,,
ly,t,field_339_t,lightValue,Amount of light emitted,,,
ly,r,field_341_r,lightOpacity,How much light is subtracted for going through this block,*,blockResistance,Indicates the blocks resistance to explosions.
ly,q,field_342_q,isBlockContainer,Can this block be type casted to a BlockContainer (list indexed on blockIDs),,,
Block,*,field_343_p,opaqueCubeLookup,An array of 256 booleans corresponding to the result of the isOpaqueCube() method for each block ID,,,
ly,o,field_344_o,tickOnLoad,List of whether this blockType will run its tick on loading or not,,,
ly,n,field_345_n,blocksList,List of ly/ff (BlockType) containing the already registered blocks.,,,
ly,e,field_354_e,soundPowderFootstep,,,,
ly,bo,field_355_bo,slipperiness,Determines how much velocity is maintained while moving on top of this block,,,
ly,bn,field_356_bn,blockMaterial,Block material definition.,,,
ly,bl,field_358_bl,stepSound,Sound of stepping on the block,,,
ly,bk,field_360_bk,maxZ,maximum Z for the block bounds (local coordinates),,,
ly,bj,field_362_bj,maxY,maximum Y for the block bounds (local coordinates),,,
ly,bi,field_364_bi,maxX,maximum X for the block bounds (local coordinates),,,
ly,bh,field_366_bh,minZ,minimum Z for the block bounds (local coordinates),,,
ly,bg,field_368_bg,minY,minimum Y for the block bounds (local coordinates),,,
ly,bf,field_370_bf,minX,minimum X for the block bounds (local coordinates),,,
Block,*,field_372_be,*,*,,,
Block,*,field_374_bd,blockHardness,Indicates how many hits it takes to break a block.,,,
ly,bc,field_376_bc,blockID,ID of the block.,,,
ly,bb,field_378_bb,blockIndexInTexture,"The index of the texture to be displayed for this block. May vary based on graphics settings. Mostly seems to come from terrain.png, and the index is 0-based (grass is 0).",,,
ly,N,field_382_N,glass,,,,
ly,M,field_383_M,sponge,,,,
ly,L,field_384_L,leaves,,,,
ly,K,field_385_K,wood,,,,
ly,J,field_386_J,oreCoal,,,,
ly,az,field_387_az,workbench,,,,
ly,I,field_388_I,oreIron,,,,
ly,ay,field_389_ay,blockDiamond,,,,
ly,H,field_390_H,oreGold,,,,
ly,ax,field_391_ax,oreDiamond,,,,
ly,G,field_392_G,gravel,,,,
ly,F,field_393_F,sand,,,,
ly,aw,field_394_aw,redstoneWire,,,,
ly,E,field_395_E,lavaMoving,,,,
ly,av,field_396_av,crate,,,,
ly,D,field_397_D,lavaStill,,,,
ly,C,field_399_C,waterMoving,,,,
ly,at,field_400_at,mobSpawner,,,,
ly,B,field_401_B,waterStill,,,,
di,g,field_4014_g,flintAndSteel,,,,
Item,*,field_4015_b,itemRand,The RNG used by the Item subclasses.,,,
di,av,field_4016_av,bucketWater,,,,
di,ap,field_4017_ap,porkCooked,,,,
di,aZ,field_4018_aZ,iconIndex,Icon index in the icons table.,,,
di,aR,field_4019_aV,recordCat,,,,
ly,as,field_402_as,fire,,,,
,,field_4020_aT,fishCooked,,,,
,,field_4021_aS,fishRaw,,,,
,,field_4022_aR,lightStoneDust,,,,
,,field_4023_aQ,pocketSundial,,,,
di,aP,field_4024_aP,fishingRod,,,,
di,aO,field_4025_aO,compass,,,,
di,aM,field_4026_aM,minecartPowered,,,,
di,aL,field_4027_aL,minecartCrate,,,,
di,aJ,field_4028_aJ,book,,,,
di,aI,field_4029_aI,paper,,,,
ly,A,field_403_A,bedrock,,,,
di,aF,field_4030_aF,brick,,,,
di,aC,field_4031_aC,boat,,,,
ly,ar,field_404_ar,torchWood,,,,
,,field_4045_bg,pumpkinLantern,The Jack-O-Lantern,,,
,,field_4047_bf,portal,The purple teleport blocks inside the obsidian circle,,,
,,field_4049_be,lightStone,,,,
ly,aq,field_405_aq,obsidian,,,,
,,field_4051_bd,slowSand,,,,
,,field_4053_bc,bloodStone,,,,
,,field_4055_bb,pumpkin,A pumpkin,,,
ly,ba,field_4057_ba,fence,,,,
ly,au,field_4059_au,stairCompactPlanks,,,,
ly,ap,field_406_ap,cobblestoneMossy,,,,
Block,*,field_4063_aU,blockIce,*,,,
ly,aS,field_4064_aS,button,,,,
ly,aN,field_4065_aN,pressurePlatePlanks,,,,
ly,aL,field_4066_aL,pressurePlateStone,,,,
ly,aK,field_4067_aK,lever,,,,
ly,aJ,field_4068_aJ,signWall,,,,
ly,aI,field_4069_aI,stairCompactCobblestone,,,,
ly,ao,field_407_ao,bookShelf,,,,
Entity,*,field_4079_be,isImmuneToFire,Whether or not the entity can be set on fire,,,
ly,an,field_408_an,tnt,,,,
ly,am,field_409_am,brick,,,,
ly,al,field_410_al,stairSingle,,,,
ly,ak,field_411_ak,stairDouble,,,,
EntityPigZombie,*,field_4116_b,randomSoundDelay,A random delay until this PigZombie next makes a sound.,,,
EntityPigZombie,*,field_4117_a,angerLevel,Above zero if this PigZombie is Angry.,,,
EntityPigZombie,*,field_4118_c,defaultHeldItem,"The ItemStack that any PigZombie holds (a gold sword, in fact).",,,
EntitySkeleton,*,field_4119_a,defaultHeldItem,The ItemStack that any Skeleton holds (a bow).,,,
ly,aj,field_412_aj,blockSteel,,,,
EntityPlayer,*,field_4128_n,fishEntity,*,,,
EntityPlayer,,field_4129_m,dimension,"Which dimension the player is in (-1 = the Nether, 0 = normal world)",,,
ly,ai,field_413_ai,blockGold,,,,
ly,ah,field_414_ah,mushroomRed,Was mushroomFlyAgaric,,,
ly,ag,field_415_ag,mushroomBrown,Was mushroomKingBolete,,,
nn,a,field_4157_a,liquidBlockId,The ID of the liquid block used in this liquid generator.,,,
ly,af,field_416_af,plantRed,Was rose,,,
ly,ae,field_417_ae,plantYellow,Was dandelion,,,
nw,v,field_4179_v,biomesForGeneration,The biomes that are used to generate the chunk,,,
GuiMainMenu,*,field_4187_a,minecraftLogo,The Minecraft Logo (represented by spaces and asterisks),,,
nv,i,field_4189_i,updateCounter,Counts the number of screen updates.,,,
ly,ac,field_419_ac,cloth,,,,
WorldChunkManager,,field_4197_b,humidity,How humid the area thats has been loaded,,,
WorldChunkManager,,field_4198_a,temperature,Temperature that has been loaded into the WorldChunkManager,,,
,,field_4209_q,worldProvider,The WorldProvider instance that World uses.,,,
,,field_4210_n,spawnY,Y-location of spawnpoint,,,
World,*,field_4211_j,autosavePeriod,The number of ticks in between automatic chunk saves,,,
WorldProvider,*,field_4215_b,worldChunkMgr,World chunk manager being used to generate chunks,,,
WorldProvider,*,field_4216_a,worldObj,world object being used,,,
om,d,field_4219_d,lightBrightnessTable,Light to brightness conversion table,,,
ly,aZ,field_422_aZ,jukebox,,,,
ly,aY,field_423_aY,reed,,,,
aa,i,field_4231_g,mc,A reference to the Minecraft object.,,,
,t,field_4237_t,biomeLookupTable,,,,
,s,field_4238_s,biomeCreatures,,,,
,r,field_4239_r,biomeMonsters,,,,
ly,aX,field_424_aX,blockClay,,,,
,p,field_4241_p,fillerBlock,The block to fill spots in when not on the top,,,
,o,field_4242_o,topBlock,The block expected to be on the top of this biome,,,
,l,field_4245_l,hell,,,,
,k,field_4246_k,tundra,,,,
,j,field_4247_j,iceDesert,,,,
,i,field_4248_i,plains,,,,
,h,field_4249_h,desert,,,,
ly,aW,field_425_aW,cactus,,,,
,g,field_4250_g,taiga,,,,
,f,field_4251_f,shrubland,,,,
,e,field_4252_e,savanna,,,,
,d,field_4253_d,forest,,,,
,c,field_4254_c,seasonalForest,,,,
,b,field_4255_b,swampland,,,,
,a,field_4256_a,rainforest,,,,
ModelGhast,*,field_4257_b,tentacles,*,,,
ModelGhast,*,field_4258_a,body,*,,,
gb,w,field_4259_y,canBurn,Bool defining if the block can burn or not.,,,
ly,aV,field_426_aV,blockSnow,,,,
Material,*,field_4261_w,pumpkin,pumpkin,,,
gb,q,field_4262_q,unused,,,,
gb,o,field_4263_o,glass,,,,
gb,k,field_4264_k,cloth,,,,
gb,h,field_4265_h,leaves,,,,
ly,aU,field_427_aU,ice,,,,
,,field_4277_d,maxNumberOfEntityType,"For animals/mobs, the maximum number of mobs of that type that will spawn.",,,
ly,aT,field_428_aT,snow,,,,
RenderEngine,*,field_4280_j,blurTexture,Flag set when a texture should use blurry resizing,,,
RenderEngine,*,field_4281_i,clampTexture,Flag set when a texture should not be repeated,,,
ly,aR,field_430_aR,torchRedstoneActive,,,,
ly,aQ,field_431_aQ,torchRedstoneIdle,,,,
ly,aP,field_432_aP,oreRedstoneGlowing,,,,
ly,aO,field_433_aO,oreRedstone,,,,
ly,aM,field_435_aM,doorSteel,,,,
ly,aH,field_440_aH,minecartTrack,,,,
ly,aG,field_441_aG,ladder,,,,
ly,aF,field_442_aF,doorWood,,,,
ly,aE,field_443_aE,signPost,,,,
ly,aD,field_444_aD,stoneOvenActive,,,,
ly,aC,field_445_aC,stoneOvenIdle,,,,
ly,aB,field_446_aB,tilledField,,,,
ly,aA,field_447_aA,crops,,,,
og,b,field_448_b,abilityToCatchFire,This is an array indexed by block ID the larger the number in the array the more likely a block type will catch fires,,,
og,a,field_449_a,chanceToEncourageFire,The chance this block will encourage nearby blocks to catch on fire,,,
bg,b,field_450_b,torchUpdates,An array of when redstone torches became active.  Used for redstone torches to burn out.,,,
bg,a,field_451_a,torchActive,Whether the redstone torch is currently active or not.,,,
BlockStairs,*,field_452_a,modelBlock,The block that is used as model for the stair.,,,
BlockRedstoneWire,*,field_453_a,wiresProvidePower,"When false, power transmission methods do not look at other redstone wires.  Used internally during updateCurrentStrength.",,,
BlockSign,*,field_454_b,isFreestanding,Whether this is a freestanding sign or a wall-mounted sign,,,
BlockSign,*,field_455_a,signEntityClass,*,,,
BlockFurnace,*,field_456_a,isActive,"True if this is an active furnace, false if idle",,,
iz,b,field_463_b,baseIndexInPNG,The base index in terrain.png corresponding to the fancy version of the leaf texture. This is stored so we can switch the displayed version between fancy and fast graphics (fast is this index + 1).,,,
dh,a,field_466_a,fallInstantly,Do blocks fall instantly to where they stop or do they fall over time,,,
al,a,field_467_a,triggerMobType,The mob type that can trigger this pressure plate. ,,,
fn,b,field_470_b,packetClassToIdMap,Maps packet class to packet id,,,
fn,a,field_471_a,packetIdToClassMap,Maps packet id to packet class,,,
fn,j,field_472_j,isChunkDataPacket,"Only true for Packet51MapChunk, Packet52MultiBlockChange, Packet53BlockChange and Packet59ComplexEntity. Used to separate them into a different send queue.",,,
ny,b,field_473_b,yPosition,Entity Y position.,,,
ny,a,field_474_a,xPosition,Entity X position.,,,
ny,e,field_475_e,entityNBT,An NBT representation of the entity.,,,
ny,d,field_476_d,entityData,The entity data. This is a compressed (GZipped) NBT file.,,,
ny,c,field_477_c,zPosition,Entity Z position.,,,
na,b,field_478_b,zPosition,Chunk Z position.,,,
na,a,field_479_a,xPosition,Chunk X position.,,,
na,f,field_480_f,size,The size of the arrays.,,,
na,e,field_481_e,metadataArray,The metadata for each block changed.,,,
na,d,field_482_d,typeArray,The type for each block change.,,,
na,c,field_483_c,coordinateArray,The coordinates of the blocks to change.,,,
lq,b,field_484_b,xPosition,The X axis relative movement.,,,
lq,a,field_485_a,entityId,The ID of this entity.,,,
lq,g,field_486_g,rotating,Boolean set to true if the entity is rotating.,,,
lq,f,field_487_f,pitch,The Y axis rotation.,,,
lq,e,field_488_e,yaw,The X axis rotation.,,,
lq,d,field_489_d,zPosition,The Z axis relative movement.,,,
lq,c,field_490_c,yPosition,The Y axis relative movement.,,,
li,b,field_491_b,yPosition,Block Y position.,,,
li,a,field_492_a,xPosition,Block X position.,,,
li,e,field_493_e,metadata,Metadata of the block.,,,
li,d,field_494_d,type,The new block type for the block.,,,
li,c,field_495_c,zPosition,Block Z position.,,,
ld,b,field_496_b,count,How many to add to the inventory.,,,
ld,a,field_497_a,id,The item/block ID.,,,
ld,c,field_498_c,durability,"The durability of the item, not to be used with blocks.",,,
kj,b,field_499_b,xPosition,The X position of the object.,,,
kj,a,field_500_a,entityId,Entity ID of the object.,,,
kj,e,field_501_e,type,The type of object.,,,
kj,d,field_502_d,zPosition,The Z position of the object.,,,
kj,c,field_503_c,yPosition,The Y position of the object.,,,
ka,b,field_504_b,yPosition,The Y position of the chunk.,,,
ka,a,field_505_a,xPosition,The X position of the chunk.,,,
ka,c,field_506_c,mode,If mode is true (1) the client will initialise the chunk. If it is false (0) the client will unload the chunk.,,,
ju,a,field_507_a,entityId,ID of the entity to be destroyed on the client.,,,
jl,b,field_508_b,xPosition,X position of the entity.,,,
jl,a,field_509_a,entityId,ID of the entity.,,,
jl,f,field_510_f,pitch,Pitch of the entity.,,,
jl,e,field_511_e,yaw,Yaw of the entity.,,,
jl,d,field_512_d,zPosition,Z position of the entity.,,,
jl,c,field_513_c,yPosition,Y position of the entity.,,,
ji,b,field_514_b,yPosition,Y coordinate of spawn.,,,
ji,a,field_515_a,xPosition,X coordinate of spawn.,,,
ji,c,field_516_c,zPosition,Z coordinate of spawn.,,,
ij,a,field_517_a,message,The message being sent.,,,
hp,b,field_518_b,username,The name of the user attempting to login.,,,
hp,a,field_519_a,protocolVersion,The protocol version in use. Current version is 2.,,,
hp,c,field_520_c,password,Used to login to password-protected servers.,,,
hf,b,field_521_b,animate,,,,
hf,a,field_522_a,entityId,"The entity ID, in this case it's the player ID.",,,
ha,i,field_523_i,count,The number of items.,,,
ha,h,field_524_h,itemId,The item ID.,,,
ha,g,field_525_g,roll,The item roll.,,,
ha,f,field_526_f,pitch,The item pitch.,,,
ha,e,field_527_e,rotation,The item rotation.,,,
ha,d,field_528_d,zPosition,The item Z position.,,,
ha,c,field_529_c,yPosition,The item Y position.,,,
ha,b,field_530_b,xPosition,The item X position.,,,
ha,a,field_531_a,entityId,Unique entity ID.,,,
gt,a,field_532_a,username,The username of the player attempting to connect.,,,
gp,b,field_533_b,name,The player's name.,,,
gp,a,field_534_a,entityId,"The entity ID, in this case it's the player ID.",,,
gp,h,field_535_h,currentItem,The current item the player is holding.,,,
gp,g,field_536_g,pitch,The player's pitch.,,,
gp,f,field_537_f,rotation,The player's rotation.,,,
gp,e,field_538_e,zPosition,The player's Z position.,,,
gp,d,field_539_d,yPosition,The player's Y position.,,,
gp,c,field_540_c,xPosition,The player's X position.,,,
fg,b,field_541_b,yPosition,Block Y position.,,,
fg,a,field_542_a,xPosition,Block X position.,,,
fg,e,field_543_e,status,"Status of the digging (started, ongoing, broken).",,,
fg,d,field_544_d,face,Punched face of the block.,,,
fg,c,field_545_c,zPosition,Block Z position.,,,
ez,b,field_546_b,type,The type of mob.,,,
ez,a,field_547_a,entityId,The entity ID.,,,
ez,g,field_548_g,pitch,The pitch of the entity.,,,
ez,f,field_549_f,yaw,The yaw of the entity.,,,
ez,e,field_550_e,zPosition,The Z position of the entity.,,,
ez,d,field_551_d,yPosition,The Y position of the entity.,,,
ez,c,field_552_c,xPosition,The X position of the entity.,,,
eh,i,field_553_i,rotating,Boolean set to true if the player is rotating.,,,
eh,h,field_554_h,moving,Boolean set to true if the player is moving.,,,
eh,g,field_555_g,onGround,True if the client is on the ground.,,,
eh,f,field_556_f,pitch,The player's pitch rotation.,,,
eh,e,field_557_e,yaw,The player's yaw rotation.,,,
eh,d,field_558_d,stance,The player's stance.,,,
eh,c,field_559_c,zPosition,The player's Z position.,,,
eh,b,field_560_b,yPosition,The player's Y position.,,,
eh,a,field_561_a,xPosition,The player's X position.,,,
dz,b,field_562_b,id,The block/item id to be equipped.,,,
dz,a,field_563_a,unused,"Unused when sent from a client, can be any random value.",,,
du,a,field_564_a,time,The world time in minutes.,,,
do,b,field_565_b,xPosition,Block X position.,,,
do,a,field_566_a,id,The block or item to be placed.,,,
do,e,field_567_e,direction,The offset to use for block/item placement.,,,
do,d,field_568_d,zPosition,Block Z position.,,,
do,c,field_569_c,yPosition,Block Y position.,,,
m,b,field_570_b,stacks,Array of item stacks.,,,
m,a,field_571_a,type,The type of inventory being sent. -1 for main inventory. -2 for equipped armour. -3 for crafting slots.,,,
bz,b,field_572_b,yPosition,Block Y position.,,,
bz,a,field_573_a,xPosition,Block X position.,,,
bz,h,field_574_h,chunkSize,The size of the compressed data.,,,
bz,g,field_575_g,chunk,"The chunk data, compressed using ZLib deflate.",,,
bz,f,field_576_f,zSize,The Z size of the chunk.,,,
bz,e,field_577_e,ySize,The Y size of the chunk.,,,
bz,d,field_578_d,xSize,The X size of the chunk.,,,
bz,c,field_579_c,zPosition,Block Z position.,,,
bm,b,field_580_b,collectorEntityId,The entity that picked up the one from the ground.,,,
bm,a,field_581_a,collectedEntityId,The entity on the ground that was picked up.,,,
oh,a,field_582_a,reason,Displayed to the client when the connection terminates.,,,
of,h,field_584_h,rand,RNG.,,,
of,g,field_585_g,loaded,Set to true when the SoundManager has been initialised.,,,
of,f,field_586_f,options,A reference to the game settings.,,,
of,d,field_588_d,soundPoolMusic,Sound pool containing music.,,,
of,c,field_589_c,soundPoolStreaming,Sound pool containing streaming audio.,,,
of,b,field_590_b,soundPoolSounds,Sound pool containing sounds.,,,
of,a,field_591_a,sndSystem,A reference to the sound system.,,,
kh,av,field_600_av,onGround,,,,
kh,au,field_601_au,boundingBox,Axis aligned bounding box.,,,
di,at,field_602_at,prevRotationPitch,,,,
di,as,field_603_as,prevRotationYaw,,,,
kh,ar,field_604_ar,rotationPitch,Entity rotation Pitch,,,
kh,aq,field_605_aq,rotationYaw,Entity rotation Yaw,,,
kh,ap,field_606_ap,motionZ,Entity motion Z,,,
kh,ao,field_607_ao,motionY,Entity motion Y,,,
kh,an,field_608_an,motionX,Entity motion X,,,
kh,am,field_609_am,posZ,Entity position Z,,,
kh,al,field_610_al,posY,Entity position Y,,,
kh,ak,field_611_ak,posX,Entity position X,,,
di,aj,field_612_aj,prevPosZ,,,,
di,ai,field_613_ai,prevPosY,,,,
di,ah,field_614_ah,prevPosX,,,,
kh,ag,field_615_ag,worldObj,Reference to the World object.,,,
Entity,*,field_616_af,ridingEntity,The entity we are currently riding,,,
Entity,*,field_617_ae,riddenByEntity,The entity that is riding this entity,,,
Entity,,field_622_aY,skinUrl,The URL the skin of the player is loaded from.,,,
kh,aX,field_623_aX,air,,,,
net/minecraft/client/MinecraftApplet,b,field_6234_b,mc,Reference to the Minecraft object.,,,
net/minecraft/client/MinecraftApplet,a,field_6235_a,mcCanvas,Reference to the applet canvas.,,,
net/minecraft/client/MinecraftApplet,c,field_6236_c,mcThread,Reference to the Minecraft main thread.,,,
kh,aT,field_627_aT,fire,,,,
Minecraft,,field_6275_Z,minecraftDir,The working dir (OS specific) for minecraft,,,
Minecraft,*,field_6283_R,ticksRan,Number of ticks ran since the program was started.,,,
net/minecraft/client/Minecraft,N,field_6284_Q,downloadResourcesThread,Reference to the download resources thread.,,,
Minecraft,*,field_6286_O,glCapabilities,Checks OpenGL capabilities (as of 1.2.3_04 effectively unused).,,,
net/minecraft/client/Minecraft,F,field_6293_H,running,Set to true to keep the game loop running. Set to false by shutdown() to allow the game loop to exit cleanly.,,,
Minecraft,*,field_6298_C,texturePackList,The TexturePackLister used by this instance of Minecraft...,,,
net/minecraft/client/Minecraft,B,field_6299_B,mouseHelper,Mouse helper instance.,,,
kh,aQ,field_630_aQ,rand,RNG.,,,
net/minecraft/client/Minecraft,A,field_6301_A,sndManager,,,,
net/minecraft/client/Minecraft,z,field_6303_z,mcApplet,Applet instance.,,,
Minecraft,,field_6304_y,gameSettings,The game settings that currently hold effect.,,,
Minecraft,*,field_6305_x,objectMouseOver,The ray trace hit that the mouse is over.,,,
Minecraft,*,field_6308_u,ingameGUI,*,,,
Minecraft,*,field_6312_q,loadingScreen,*,,,
Minecraft,*,field_6313_p,currentScreen,The GuiScreen that's being displayed at the moment.,,,
Minecraft,*,field_6314_o,fontRenderer,The font renderer used for displaying and measuring text.,,,
Minecraft,*,field_6315_n,renderEngine,The RenderEngine instance used by Minecraft,,,
net/minecraft/client/Minecraft,k,field_6318_k,mcCanvas,The canvas to which everything is rendered.,,,
Minecraft,,field_6322_g,thePlayer,The player who's actually in control of this game.,,,
,,field_6324_e,theWorld,The World instance that Minecraft uses.,,,
net/minecraft/client/Minecraft,d,field_6325_d,displayHeight,,,,
net/minecraft/client/Minecraft,c,field_6326_c,displayWidth,,,,
ly,m,field_6333_l,soundSandFootstep,,,,
ly,l,field_6334_k,soundClothFootstep,,,,
ly,k,field_6335_j,soundGlassFootstep,,,,
ly,j,field_6336_i,soundMetalFootstep,,,,
ly,i,field_6337_h,soundStoneFootstep,,,,
ly,h,field_6338_g,soundGrassFootstep,,,,
ly,g,field_6339_f,soundGravelFootstep,,,,
ly,f,field_6340_e,soundWoodFootstep,,,,
hi,a,field_6359_a,graphicsLevel,"Used to determine how to display leaves based on the graphics level. May also be used in rendering for transparency, not sure.",,,
Entity,*,field_636_aK,lastTickPosZ,"The entity's Z coordinate at the previous tick, used to calculate position during rendering routines",,,
Entity,*,field_637_aJ,lastTickPosY,"The entity's Y coordinate at the previous tick, used to calculate position during rendering routines",,,
Entity,*,field_638_aI,lastTickPosX,"The entity's X coordinate at the previous tick, used to calculate position during rendering routines",,,
EntityFish,*,field_6380_t,velocityZ,*,,,
EntityFish,*,field_6381_s,velocityY,*,,,
EntityFish,*,field_6382_r,velocityX,*,,,
kh,aH,field_639_aH,fallDistance,,,,
kh,aG,field_640_aG,entityWalks,If this is True as this entity moves it will play footstep sounds and trigger onEntityWalking events,,,
ge,u,field_6409_z,texture,The file path to the texture of this EntityLiving.,,,
kh,aD,field_643_aD,height,How high this entity is considered to be,,,
kh,aC,field_644_aC,width,How wide this entity is considered to be,,,
di,aB,field_645_aB,yOffset,The bounding box's y offset,,,
GuiScreen,*,field_6451_g,fontRenderer,The FontRenderer used by GuiScreen,,,
Entity,,field_646_aA,isDead,"gets set by setEntityDead, so this must be the flag whether an Entity is dead (inactive may be better term)",,,
GuiMainMenu,,field_6462_l,splashText,The splash message.,,,
GuiMainMenu,*,field_6463_h,rand,The RNG used by the Main Menu Screen.,,,
TexturePackBase,*,field_6486_b,firstDescriptionLine,The first line of the texture pack description (read from the pack.txt file),,,
TexturePackBase,*,field_6487_a,texturePackFileName,"The file name of the texture pack, or Default if not from a custom texture pack.",,,
TexturePackBase,*,field_6489_c,secondDescriptionLine,The second line of the texture pack description (read from the pack.txt file),,,
TexturePackDefault,*,field_6491_e,texturePackName,"The allocated OpenGL for this TexturePack, or -1 if it hasn't been loaded yet.",,,
TexturePackCustom,*,field_6495_f,texturePackName,"The allocated OpenGL texture name for this texture pack, or -1 if it hasn't been allocated yet.",,,
kx,o,field_6501_o,entityRenderMap,A map of entity classes and the associated renderer.,,,
,m,field_6504_m,biomeName,,,,
TileEntitySpecialRenderer,*,field_6509_a,tileEntityRenderer,The TileEntityRenderer instance associated with this TileEntitySpecialRenderer,,,
ih,e,field_6512_e,unknown,,,,
go,b,field_6514_b,exception,The Throwable object that was thrown.,,,
go,a,field_6515_a,description,A description of the error that has occurred.,,,
TileEntityRenderer,*,field_6517_m,specialRendererMap,A mapping of TileEntitySpecialRenderers used for each TileEntity that has one,,,
fr,r,field_6520_s,keyBindToggleFog,,,,
fr,q,field_6521_r,keyBindChat,,,,
fr,A,field_6522_B,optionsFile,,,,
fr,p,field_6523_q,keyBindDrop,,,,
GameSettings,*,field_6524_j,skin,The name of the selected texture pack.,,,
ey,b,field_6528_b,textureMap,,,,
TexturePackList,*,field_6533_b,availableTexturePacks,The list of the available texture packs.,,,
TexturePackList,*,field_6534_a,selectedTexturePack,The TexturePack that will be used.,,,
TexturePackList,*,field_6536_f,texturePackDir,The directory the texture packs will be loaded from.,,,
TexturePackList,*,field_6537_e,mc,The Minecraft instance used by this TexturePackList,,,
TexturePackList,*,field_6539_c,defaultTexturePack,The default texture pack.,,,
dw,a,field_6541_a,instance,The static instance of this class,,,
,,field_6544_a,eligibleChunksForSpawning,The 17x17 area around the player where mobs can spawn,,,
kg,f,field_683_f,inGround,"Whether the arrow is in the ground or not. Stored in NBT as a byte, but a boolean in Java.",,,
kg,e,field_684_e,inTile,The block type where the arrow is.,,,
kg,d,field_685_d,zTile,The z coordinate of the tile where the arrow is.,,,
kg,c,field_686_c,yTile,The y coordinate of the tile where the arrow is.,,,
kg,b,field_687_b,xTile,The x coordinate of the tile where the arrow is.,,,
kg,a,field_688_a,arrowShake,Seems to be some sort of timer for animating an arrow.,,,
jd,a,field_689_a,fuse,How long the fuse is,,,
ge,K,field_711_K,attackTime,"The amount of time remaining this entity is in an attack animation. Default for monsters appears to be 20, but skeletons take 30 to shoot arrows.",,,
ge,J,field_712_J,deathTime,"The amount of time remaining this entity should act 'dead', i.e. have a corpse in the world.",,,
ge,G,field_715_G,hurtTime,The amount of time remaining this entity should act 'hurt'. (Visual appearance of red tint),,,
ge,E,field_717_E,health,"The current health of this EntityLiving. (For example, the health of a pig)",,,
EntityLiving,*,field_718_D,swingProgress,*,,,
EntityLiving,*,field_719_C,prevSwingProgress,*,,,
EntityCreature,*,field_749_a,pathToEntity,*,,,
EntityCreature,*,field_750_g,hasAttacked,returns true if a creature has attacked recently only used for creepers and skeletons,,,
EntityCreature,*,field_751_f,playerToAttack,The Player this EntityCreature will attack next.,,,
mz,i,field_754_i,timeUntilNextEgg,The time until the next egg is spawned.,,,
mv,a,field_759_a,rideable,"Set to true if this pig has a saddle, false otherwise.",,,
bo,a,field_760_a,sheared,"Set to true if this sheep has been sheared, false otherwise.",,,
am,a,field_761_a,unusedBoolean,Currently unused.,,,
EntityCreeper,*,field_763_b,lastActiveTime,"Time when this creeper was last in an active state (Messed up code here, probably causes creeper animation to go weird)",,,
EntityCreeper,*,field_764_a,timeSinceIgnited,The amount of time since the creeper was close enough to the player to ignite,,,
EntityCreeper,*,field_765_d,creeperState,"The state of the creeper (-1=Dormant,1=BlowingUp,2=CoolingDown)",,,
EntityCreeper,*,field_766_c,fuseTime,The number of cycles for the creeper to wait until exploding,,,
EntityPlayer,*,field_772_h,swingProgressInt,An integer version of the swing progress. Only used by the player and ranges from 0 to 8 and divided by 8 to be put into swingProgress.,,,
EntityPlayer,*,field_773_g,isSwinging,Whether player is currently swinging,,,
dm,b,field_778_b,inventory,Inventory of the player,,,
EntityPlayerSP,*,field_788_bg,mc,*,,,
dx,b,field_800_b,age,The age of this EntityItem (used to animate it up and down as well as expire it),,,
dx,a,field_801_a,item,The item stack of this EntityItem.,,,
dx,f,field_802_f,health,"The health of this EntityItem. (For example, damage for tools)",,,
mw,a,field_818_a,stackResult,A list of one item containing the result of the crafting formula,,,
ic,b,field_819_b,classToNameMap,A HashMap storing the classes and mapping to the string names (reverse of nameToClassMap).,,,
ic,a,field_820_a,nameToClassMap,A HashMap storing string names of classes mapping to the actual java.lang.Class type.,,,
ic,h,field_821_h,zCoord,The z coordinate of the tile entity.,,,
ic,g,field_822_g,yCoord,The y coordinate of the tile entity.,,,
ic,f,field_823_f,xCoord,The x coordinate of the tile entity.,,,
ic,e,field_824_e,worldObj,The reference to the world.,,,
ob,b,field_825_b,lineBeingEdited,"The index of the line currently being edited. Only used on client side, but defined on both. Note this is only really used when the > < are going to be visible.",,,
ob,a,field_826_a,signText,An array of four strings storing the lines of text on the sign.,,,
bd,b,field_828_b,entityID,"The string ID of the mobs being spawned from this spawner. Defaults to pig, apparently.",,,
bd,a,field_829_a,delay,The stored delay before a new spawn.,,,
TileEntityFurnace,*,field_832_b,furnaceBurnTime,The number of ticks that the furnace will keep burning,,,
TileEntityFurnace,*,field_833_a,furnaceItemStacks,The ItemStacks that hold the items currently being used in the furnace,,,
TileEntityFurnace,*,field_834_d,furnaceCookTime,The number of ticks that the current item has been cooking for,,,
TileEntityFurnace,*,field_835_c,currentItemBurnTime,The number of ticks that a fresh copy of the currently-burning item would keep the furnace burning for,,,
hs,b,field_836_b,upperChest,Inventory object corresponding to double chest upper part,,,
hs,a,field_837_a,name,Name of the chest.,,,
hs,c,field_838_c,lowerChest,Inventory object corresponding to double chest lower part,,,
gu,b,field_839_b,nbrSlots,Number of crafting slots.,,,
gu,a,field_840_a,stackList,List of the stacks in the crafting matrix.,,,
gu,c,field_841_c,eventHandler,Class containing the callbacks for the events on_GUIClosed and on_CraftMaxtrixChanged.,,,
eu,b,field_842_b,armorInventory,An array of 4 item stacks containing the currently worn armor pieces.,,,
eu,a,field_843_a,mainInventory,An array of 37 item stacks (but only filled with 36?) indicating the main player inventory (including the visible bar).,,,
eu,g,field_844_g,player,The player whose inventory this is.,,,
InventoryPlayer,*,field_846_e,draggingItemStack,The ItemStack that is currently being dragged around by the mouse,,,
eu,d,field_847_d,currentItem,The index of the currently held item (0-8).,,,
eu,c,field_848_c,craftingInventory,An array of 4 item stacks containing the items in the crafting area of the player inventory.,,,
oc,h,field_857_h,cargoItems,Array of item stacks stored in minecart (for storage minecarts).,,,
oc,g,field_858_g,pushZ,Minecart push in z direction.  (for powered minecarts),,,
oc,f,field_859_f,pushX,Minecart push in x direction. (for powered minecarts),,,
oc,e,field_860_e,fuel,Minecart fuel amount.  (for powered minecarts),,,
oc,d,field_861_d,minecartType,"The type of minecart, 2 for powered, 1 for storage.",,,
gv,b,field_866_b,numberOfBlocks,The number of blocks to generate.,,,
gv,a,field_867_a,clayBlockId,The block ID for clay.,,,
ej,c,field_880_c,worldObj,Reference to the World object.,,,
cu,b,field_883_b,numberOfBlocks,The number of blocks to generate.,,,
cu,a,field_884_a,minableBlockId,The block ID of the ore to be placed using this generator.,,,
ae,a,field_885_a,plantBlockId,The ID of the plant block used in this plant generator.,,,
ChunkProviderClient,*,field_886_b,chunkMapping,The mapping between ChunkCoordinates and Chunks that ChunkProviderClient maintains.,,,
ChunkProviderClient,*,field_887_a,blankChunk,The completely empty chunk used by ChunkProviderClient when field_886_b doesn't contain the requested coordinates.,,,
lz,d,field_888_d,worldObj,Reference to the World object.,,,
,,field_889_c,unusedChunkList,"Only emptied, never added to.",,,
ChunkProviderLoadOrGenerate,*,field_890_b,lastQueriedChunkZPos,The last Z position of a chunk that was returned from func_553_b,,,
ChunkProviderLoadOrGenerate,*,field_891_a,lastQueriedChunkXPos,The last X position of a chunk that was returned from func_553_b,,,
ChunkProviderLoadOrGenerate,*,field_892_h,lastQueriedChunk,The last Chunk that was returned from func_553_b,,,
ft,g,field_893_g,worldObj,Reference to the World object.,,,
ft,f,field_894_f,chunks,An array of 1024 chunks.,,,
ChunkProviderLoadOrGenerate,*,field_895_e,chunkLoader,The IChunkLoader used by this ChunkProviderLoadOrGenerate.,,,
ChunkProviderLoadOrGenerate,*,field_896_d,chunkProvider,The IChunkProvider used by this ChunkProviderLoadOrGenerate.,,,
ChunkProviderLoadOrGenerate,*,field_897_c,blankChunk,"A completely empty Chunk, used by ChunkProviderLoadOrGenerate when there's no ChunkProvider.",,,
ck,b,field_898_b,chunks,An array of 256 chunks.,,,
ChunkProviderIso,*,field_900_d,chunkLoader,The IChunkLoader used by ChunkProviderIso.,,,
ck,c,field_901_c,worldObj,Reference to the World object.,,,
nw,p,field_907_p,worldObj,Reference to the World object.,,,
nw,j,field_913_j,rand,RNG.,,,
,,field_923_k,zLevel,,,,
Minecraft,*,field_9237_P,timer,*,,,
Minecraft,*,field_9241_z,mcApplet,*,,,
Minecraft,*,field_9244_k,mcCanvas,*,,,
Block,*,field_9247_l,soundSandFootstep,*,,,
Block,*,field_9248_k,soundClothFootstep,*,,,
Block,*,field_9249_j,soundGlassFootstep,*,,,
Block,*,field_9250_i,soundMetalFootstep,*,,,
Block,*,field_9251_h,soundStoneFootstep,*,,,
Block,*,field_9252_g,soundGrassFootstep,*,,,
Block,*,field_9253_f,soundGravelFootstep,*,,,
Block,*,field_9254_e,soundWoodFootstep,*,,,
lu,h,field_926_h,updateCounter,Counts the number of screen updates.,,,
lu,g,field_927_g,mc,Reference to the Minecraft object.,,,
Packet8,*,field_9275_a,healthMP,Variable used for incoming health packets,,,
lu,f,field_928_f,rand,RNG.,,,
Entity,*,field_9283_av,prevPosZ,*,,,
Entity,*,field_9284_au,prevPosY,*,,,
Entity,*,field_9285_at,prevPosX,*,,,
Entity,*,field_9288_aU,fallDistance,*,,,
Entity,*,field_9289_aT,entityWalks,*,,,
lu,e,field_929_e,chatMessageList,A list with all the chat messages in.,,,
Entity,*,field_9292_aO,yOffset,*,,,
Entity,*,field_9298_aH,onGround,*,,,
GuiIngame,,field_930_d,itemRenderer,,,,
Entity,*,field_9304_bm,isImmuneToFire,*,,,
Entity,*,field_9305_bk,air,*,,,
Entity,*,field_9309_bg,fire,*,,,
Entity,*,field_9312_bd,rand,*,,,
EntityArrow,*,field_9315_g,inGround,*,,,
EntityArrow,*,field_9316_f,inTile,*,,,
EntityArrow,*,field_9317_e,zTile,*,,,
EntityArrow,*,field_9318_d,yTile,*,,,
EntityArrow,*,field_9319_c,xTile,*,,,
EntityLiving,*,field_9330_P,attackTime,*,,,
EntityLiving,*,field_9336_ak,isJumping,used to check whether entity is jumping.,,,
EntityLiving,*,field_9337_J,health,*,,,
EntityLiving,*,field_9339_I,swingProgress,*,,,
fk,b,field_934_b,height,The height of this control.,,,
EntityLiving,*,field_9341_H,prevSwingProgress,*,,,
fk,a,field_935_a,width,The width of this control.,,,
EntityLiving,*,field_9357_z,texture,*,,,
fk,h,field_936_h,enabled2,This is always true. Doesn't do anything currently but looks like it could be for enabling/disabling a control in the future.,,,
fk,g,field_937_g,enabled,"True if this control is enabled, false to disable.",,,
EntityPlayer,*,field_9370_g,score,*,,,
fk,f,field_938_f,id,ID for this control.,,,
fk,e,field_939_e,displayString,The string displayed on this control.,,,
fk,d,field_940_d,yPosition,The y position of this control.,,,
fk,c,field_941_c,xPosition,The x position of this control.,,,
EntityMinecart,*,field_9416_g,pushZ,*,,,
EntityMinecart,*,field_9417_f,pushX,*,,,
EntityMinecart,*,field_9418_e,fuel,*,,,
mo,l,field_942_l,idFloat,Additional ID for this slider control.,,,
GuiIngame,*,field_9421_h,updateCounter,*,,,
GuiIngame,*,field_9422_g,mc,*,,,
GuiIngame,*,field_9423_f,rand,*,,,
mo,j,field_943_j,dragging,Is this slider control being dragged.,,,
World,*,field_9434_r,worldAccesses,*,,,
World,*,field_9435_j,autosavePeriod,*,,,
mo,i,field_944_i,sliderValue,The value of this slider control.,,,
bh,b,field_945_b,mc,Reference to the Minecraft object.,,,
GuiScreen,*,field_946_a,selectedButton,The button that was just pressed.,,,
bh,e,field_949_e,controlList,A list of all the controls added to this container.,,,
bh,d,field_950_d,height,The height of the screen object.,,,
bh,c,field_951_c,width,The width of the screen object.,,,
mn,a,field_952_a,clientHandler,A reference to the NetClientHandler.,,,
mn,h,field_953_h,cancelled,True if the connection attempt has been cancelled.,,,
lw,a,field_954_a,screenTitle,The title string that is displayed in the top-center of the screen.,,,
lw,j,field_955_j,buttonId,The ID of the  button that has been pressed.,,,
lw,i,field_956_i,options,Reference to the GameSettings object.,,,
lw,h,field_957_h,parentScreen,A reference to the screen object that created this. Used for navigating between screens.,,,
jq,a,field_958_a,parentScreen,A reference to the screen object that created this. Used for navigating between screens.,,,
jq,i,field_959_i,selected,True if a world has been selected.,,,
jq,h,field_960_h,screenTitle,The title string that is displayed in the top-center of the screen.,,,
ja,a,field_961_a,parentScreen,A reference to the screen object that created this. Used for navigating between screens.,,,
ja,j,field_962_j,worldNumber,World number to be deleted.,,,
ja,i,field_963_i,message2,Second line of text.,,,
ja,h,field_964_h,message1,First line of text.,,,
iv,a,field_965_a,updateCounter,Counts the number of screen updates. Not used.,,,
ie,a,field_966_a,updateCounter2,"Also counts the number of updates, not certain as to why yet.",,,
ie,h,field_967_h,updateCounter,Counts the number of screen updates.,,,
gc,a,field_968_a,updateCounter,Counts the number of screen updates. Used to make the caret flash.,,,
gc,i,field_969_i,serverAddress,Server address.,,,
gc,h,field_970_h,parentScreen,A reference to the screen object that created this. Used for navigating between screens.,,,
ee,a,field_971_a,xSize,The X size of the inventory window in pixels.,,,
ee,j,field_972_j,itemRenderer,"Stacks renderer. Icons, stack size, health, etc...",,,
ee,i,field_973_i,inventorySlots,A list of the players inventory slots.,,,
ee,h,field_974_h,ySize,The Y size of the inventory window in pixels.,,,
lo,m,field_975_m,ySize_lo,"y size of the inventory window in pixels. Defined as float, passed as int.",,,
lo,l,field_976_l,xSize_lo,"x size of the inventory window in pixels. Defined as float, passed as int",,,
dg,a,field_983_a,netHandler,Network object that downloads the terrain data.,,,
dg,h,field_984_h,updateCounter,Counts the number of screen updates.,,,
de,a,field_985_a,message,The chat message.,,,
de,h,field_986_h,updateCounter,Counts the number of screen updates. Used to make the caret flash.,,,
cx,j,field_989_j,updateCounter,Counts the number of screen updates.,,,
cx,i,field_990_i,logoEffects,,,,
cj,a,field_992_a,errorMessage,The error message.,,,
cj,h,field_993_h,errorDetail,The details about the error.,,,
ay,a,field_994_a,screenTitle,The title string that is displayed in the top-center of the screen.,,,
ay,i,field_995_i,options,Reference to the GameSettings object.,,,
ay,h,field_996_h,parentScreen,A reference to the screen object that created this. Used for navigating between screens.,,,
as,a,field_997_a,message1,Unused class. Would contain a message drawn to the center of the screen.,,,
as,h,field_998_h,message2,Unused class. Would contain a message drawn to the center of the screen.,,,
nv,a,field_999_a,screenTitle,The title string that is displayed in the top-center of the screen.,,,
.,,,,,,,
